,author,comments_author_lst,comments_score_lst,created_utc,guilded,num_comments,pinned,r_id,score,subreddit,title
0,Autotradenews,,,1538336850.0,0,0,False,9k9cmt,1,u_Autotradenews,Streamable - free video publishing
1,Autotradenews,,,1538172190.0,0,0,False,9jra91,2,u_Autotradenews,Streamall
2,Autotradenews,,,1538153048.0,0,0,False,9joky2,1,u_Autotradenews,Streamja
3,Autotradenews,,,1538336850.0,0,0,False,9k9cmt,1,u_Autotradenews,Streamable - free video publishing
4,Autotradenews,,,1538172190.0,0,0,False,9jra91,2,u_Autotradenews,Streamall
5,Autotradenews,,,1538153048.0,0,0,False,9joky2,1,u_Autotradenews,Streamja
6,Autotradenews,,,1538336850.0,0,0,False,9k9cmt,1,u_Autotradenews,Streamable - free video publishing
7,Autotradenews,,,1538172190.0,0,0,False,9jra91,2,u_Autotradenews,Streamall
8,Autotradenews,,,1538153048.0,0,0,False,9joky2,1,u_Autotradenews,Streamja
9,Autotradenews,,,1538336850.0,0,0,False,9k9cmt,1,u_Autotradenews,Streamable - free video publishing
10,Autotradenews,,,1538172190.0,0,0,False,9jra91,2,u_Autotradenews,Streamall
11,Autotradenews,,,1538153048.0,0,0,False,9joky2,1,u_Autotradenews,Streamja
12,Autotradenews,,,1538336850.0,0,0,False,9k9cmt,1,u_Autotradenews,Streamable - free video publishing
13,Autotradenews,,,1538172190.0,0,0,False,9jra91,2,u_Autotradenews,Streamall
14,Autotradenews,,,1538153048.0,0,0,False,9joky2,1,u_Autotradenews,Streamja
15,Autotradenews,,,1538336850.0,0,0,False,9k9cmt,1,u_Autotradenews,Streamable - free video publishing
16,Autotradenews,,,1538172190.0,0,0,False,9jra91,2,u_Autotradenews,Streamall
17,Autotradenews,,,1538153048.0,0,0,False,9joky2,1,u_Autotradenews,Streamja
18,Autotradenews,,,1538336850.0,0,0,False,9k9cmt,1,u_Autotradenews,Streamable - free video publishing
19,Autotradenews,,,1538172190.0,0,0,False,9jra91,2,u_Autotradenews,Streamall
20,Autotradenews,,,1538153048.0,0,0,False,9joky2,1,u_Autotradenews,Streamja
21,Autotradenews,,,1538336850.0,0,0,False,9k9cmt,1,u_Autotradenews,Streamable - free video publishing
22,Autotradenews,,,1538172190.0,0,0,False,9jra91,2,u_Autotradenews,Streamall
23,Autotradenews,,,1538153048.0,0,0,False,9joky2,1,u_Autotradenews,Streamja
24,Autotradenews,,,1538336850.0,0,0,False,9k9cmt,1,u_Autotradenews,Streamable - free video publishing
25,Autotradenews,,,1538172190.0,0,0,False,9jra91,2,u_Autotradenews,Streamall
26,Autotradenews,,,1538153048.0,0,0,False,9joky2,1,u_Autotradenews,Streamja
27,Autotradenews,,,1538336850.0,0,0,False,9k9cmt,1,u_Autotradenews,Streamable - free video publishing
28,Autotradenews,,,1538172190.0,0,0,False,9jra91,2,u_Autotradenews,Streamall
29,Autotradenews,,,1538153048.0,0,0,False,9joky2,1,u_Autotradenews,Streamja
30,Autotradenews,,,1538336850.0,0,0,False,9k9cmt,1,u_Autotradenews,Streamable - free video publishing
31,Autotradenews,,,1538172190.0,0,0,False,9jra91,2,u_Autotradenews,Streamall
32,Autotradenews,,,1538153048.0,0,0,False,9joky2,1,u_Autotradenews,Streamja
33,Autotradenews,,,1538336850.0,0,0,False,9k9cmt,1,u_Autotradenews,Streamable - free video publishing
34,Autotradenews,,,1538172190.0,0,0,False,9jra91,2,u_Autotradenews,Streamall
35,Autotradenews,,,1538153048.0,0,0,False,9joky2,1,u_Autotradenews,Streamja
36,Autotradenews,,,1538336850.0,0,0,False,9k9cmt,1,u_Autotradenews,Streamable - free video publishing
37,Autotradenews,,,1538172190.0,0,0,False,9jra91,2,u_Autotradenews,Streamall
38,Autotradenews,,,1538153048.0,0,0,False,9joky2,1,u_Autotradenews,Streamja
39,Autotradenews,,,1538336850.0,0,0,False,9k9cmt,1,u_Autotradenews,Streamable - free video publishing
40,Autotradenews,,,1538172190.0,0,0,False,9jra91,2,u_Autotradenews,Streamall
41,Autotradenews,,,1538153048.0,0,0,False,9joky2,1,u_Autotradenews,Streamja
42,Autotradenews,,,1538336850.0,0,0,False,9k9cmt,1,u_Autotradenews,Streamable - free video publishing
43,Autotradenews,,,1538172190.0,0,0,False,9jra91,2,u_Autotradenews,Streamall
44,Autotradenews,,,1538153048.0,0,0,False,9joky2,1,u_Autotradenews,Streamja
45,Autotradenews,,,1538336850.0,0,0,False,9k9cmt,1,u_Autotradenews,Streamable - free video publishing
46,Autotradenews,,,1538172190.0,0,0,False,9jra91,2,u_Autotradenews,Streamall
47,Autotradenews,,,1538153048.0,0,0,False,9joky2,1,u_Autotradenews,Streamja
48,Autotradenews,,,1538336850.0,0,0,False,9k9cmt,1,u_Autotradenews,Streamable - free video publishing
49,Autotradenews,,,1538172190.0,0,0,False,9jra91,2,u_Autotradenews,Streamall
50,Autotradenews,,,1538153048.0,0,0,False,9joky2,1,u_Autotradenews,Streamja
51,Autotradenews,,,1538336850.0,0,0,False,9k9cmt,1,u_Autotradenews,Streamable - free video publishing
52,Autotradenews,,,1538172190.0,0,0,False,9jra91,2,u_Autotradenews,Streamall
53,Autotradenews,,,1538153048.0,0,0,False,9joky2,1,u_Autotradenews,Streamja
54,Autotradenews,,,1538336850.0,0,0,False,9k9cmt,1,u_Autotradenews,Streamable - free video publishing
55,Autotradenews,,,1538172190.0,0,0,False,9jra91,2,u_Autotradenews,Streamall
56,Autotradenews,,,1538153048.0,0,0,False,9joky2,1,u_Autotradenews,Streamja
57,Autotradenews,,,1538336850.0,0,0,False,9k9cmt,1,u_Autotradenews,Streamable - free video publishing
58,Autotradenews,,,1538172190.0,0,0,False,9jra91,2,u_Autotradenews,Streamall
59,Autotradenews,,,1538153048.0,0,0,False,9joky2,1,u_Autotradenews,Streamja
60,Autotradenews,,,1538336850.0,0,0,False,9k9cmt,1,u_Autotradenews,Streamable - free video publishing
61,Autotradenews,,,1538172190.0,0,0,False,9jra91,2,u_Autotradenews,Streamall
62,Autotradenews,,,1538153048.0,0,0,False,9joky2,1,u_Autotradenews,Streamja
63,Autotradenews,,,1538336850.0,0,0,False,9k9cmt,1,u_Autotradenews,Streamable - free video publishing
64,Autotradenews,,,1538172190.0,0,0,False,9jra91,2,u_Autotradenews,Streamall
65,Autotradenews,,,1538153048.0,0,0,False,9joky2,1,u_Autotradenews,Streamja
66,Autotradenews,,,1538336850.0,0,0,False,9k9cmt,1,u_Autotradenews,Streamable - free video publishing
67,Autotradenews,,,1538172190.0,0,0,False,9jra91,2,u_Autotradenews,Streamall
68,Autotradenews,,,1538153048.0,0,0,False,9joky2,1,u_Autotradenews,Streamja
69,Autotradenews,,,1538336850.0,0,0,False,9k9cmt,1,u_Autotradenews,Streamable - free video publishing
70,Autotradenews,,,1538172190.0,0,0,False,9jra91,2,u_Autotradenews,Streamall
71,Autotradenews,,,1538153048.0,0,0,False,9joky2,1,u_Autotradenews,Streamja
72,Autotradenews,,,1538336850.0,0,0,False,9k9cmt,1,u_Autotradenews,Streamable - free video publishing
73,Autotradenews,,,1538172190.0,0,0,False,9jra91,2,u_Autotradenews,Streamall
74,Autotradenews,,,1538153048.0,0,0,False,9joky2,1,u_Autotradenews,Streamja
75,Autotradenews,,,1538336850.0,0,0,False,9k9cmt,1,u_Autotradenews,Streamable - free video publishing
76,Autotradenews,,,1538172190.0,0,0,False,9jra91,2,u_Autotradenews,Streamall
77,Autotradenews,,,1538153048.0,0,0,False,9joky2,1,u_Autotradenews,Streamja
78,Autotradenews,,,1538336850.0,0,0,False,9k9cmt,1,u_Autotradenews,Streamable - free video publishing
79,Autotradenews,,,1538172190.0,0,0,False,9jra91,2,u_Autotradenews,Streamall
80,Autotradenews,,,1538153048.0,0,0,False,9joky2,1,u_Autotradenews,Streamja
81,Autotradenews,,,1538336850.0,0,0,False,9k9cmt,1,u_Autotradenews,Streamable - free video publishing
82,Autotradenews,,,1538172190.0,0,0,False,9jra91,2,u_Autotradenews,Streamall
83,Autotradenews,,,1538153048.0,0,0,False,9joky2,1,u_Autotradenews,Streamja
84,Autotradenews,,,1538336850.0,0,0,False,9k9cmt,1,u_Autotradenews,Streamable - free video publishing
85,Autotradenews,,,1538172190.0,0,0,False,9jra91,2,u_Autotradenews,Streamall
86,Autotradenews,,,1538153048.0,0,0,False,9joky2,1,u_Autotradenews,Streamja
